branch_id,branch_name,city,country,opened_on
1,Portland Central,Portland,US,1990-01-01
2,Austin Riverside,Austin,US,1991-02-02
3,Columbus Northgate,Columbus,US,1992-03-03
4,Denver Harbour,Denver,US,1993-04-04
5,Raleigh Parkway,Raleigh,US,1994-05-05
6,Tucson Old Town,Tucson,US,1995-06-06
7,Toronto Westfield,Toronto,CA,1996-07-07
8,Halifax Station Road,Halifax,CA,1997-08-08
9,Victoria Central,Victoria,CA,1998-09-09
10,Bristol Riverside,Bristol,GB,1999-10-10
11,Manchester Northgate,Manchester,GB,2000-11-11
12,Sheffield Harbour,Sheffield,GB,2001-12-12
13,Norwich Parkway,Norwich,GB,2002-01-13
14,Galway Old Town,Galway,IE,2003-02-14
15,Cork Westfield,Cork,IE,2004-03-15
16,Auckland Station Road,Auckland,NZ,2005-04-16
17,Dunedin Central,Dunedin,NZ,2006-05-17
18,Adelaide Riverside,Adelaide,AU,2007-06-18
19,Hobart Northgate,Hobart,AU,2008-07-19
20,Perth Harbour,Perth,AU,2009-08-20
21,Utrecht Parkway,Utrecht,NL,2010-09-21
22,Groningen Old Town,Groningen,NL,2011-10-22
23,Aarhus Westfield,Aarhus,DK,2012-11-23
24,Bergen Station Road,Bergen,NO,2013-12-24
25,Uppsala Central,Uppsala,SE,2014-01-25
26,Tampere Riverside,Tampere,FI,2015-02-26
27,Freiburg Northgate,Freiburg,DE,2016-03-27
28,Leipzig Harbour,Leipzig,DE,2017-04-01
29,Nantes Parkway,Nantes,FR,2018-05-02
30,Montpellier Old Town,Montpellier,FR,2019-06-03
31,Bologna Westfield,Bologna,IT,1990-07-04
32,Porto Station Road,Porto,PT,1991-08-05
33,Valencia Central,Valencia,ES,1992-09-06
34,Ljubljana Riverside,Ljubljana,SI,1993-10-07
35,Portland Northgate,Portland,US,1994-11-08
36,Austin Harbour,Austin,US,1995-12-09
37,Columbus Parkway,Columbus,US,1996-01-10
38,Denver Old Town,Denver,US,1997-02-11
39,Raleigh Westfield,Raleigh,US,1998-03-12
40,Tucson Station Road,Tucson,US,1999-04-13
