Payment_ID,Member_ID,Payment_Date,Amount,Payment_Status
1002,1,2026-01-05,4000,Paid
1003,2,2026-02-05,2500,Paid
1004,3,2026-03-05,1000,Paid
1005,4,2026-04-05,2000,Pending
1006,5,2026-05-05,1000,Paid
1007,6,2026-06-05,4000,Paid
1008,7,2026-07-05,4000,Paid
1009,8,2026-08-05,3500,Pending
1010,9,2026-01-05,2500,Paid
1011,10,2026-02-05,1000,Paid
1012,11,2026-03-05,4000,Paid
1013,12,2026-04-05,2000,Pending
1014,13,2026-05-05,4000,Paid
1015,14,2026-06-05,1000,Paid
1016,15,2026-07-05,1000,Paid
1017,16,2026-08-05,2000,Pending
1018,17,2026-01-05,2500,Paid
1019,18,2026-02-05,4000,Paid
1020,19,2026-03-05,1000,Paid
1021,20,2026-04-05,3500,Pending
1022,21,2026-05-05,4000,Paid
1023,22,2026-06-05,1000,Paid
1024,23,2026-07-05,4000,Paid
1025,24,2026-08-05,500,Pending
1026,25,2026-01-05,2500,Paid
1027,26,2026-02-05,2500,Paid
1028,27,2026-03-05,1000,Paid
1029,28,2026-04-05,2000,Pending
1030,29,2026-05-05,2500,Paid
1031,30,2026-06-05,1000,Paid
1032,31,2026-07-05,2500,Paid
1033,32,2026-08-05,2000,Pending
1034,33,2026-01-05,1000,Paid
1035,34,2026-02-05,2500,Paid
1036,35,2026-03-05,1000,Paid
1037,36,2026-04-05,500,Pending
1038,37,2026-05-05,1000,Paid
1039,38,2026-06-05,4000,Paid
1040,39,2026-07-05,2500,Paid
1041,40,2026-08-05,3500,Pending
1042,41,2026-01-05,1000,Paid
1043,42,2026-02-05,2500,Paid
1044,43,2026-03-05,4000,Paid
1045,44,2026-04-05,3500,Pending
1046,45,2026-05-05,2500,Paid
1047,46,2026-06-05,1000,Paid
1048,47,2026-07-05,2500,Paid
1049,48,2026-08-05,2000,Pending
1050,49,2026-01-05,1000,Paid
1051,50,2026-02-05,1000,Paid
